image,~~-g~glass_v2_off_s-rgb&$whit~2fc9e118
image,~~-g~lights_tinhatlamp_s-rgb&~92bc44fe
image,~~-g_char_head_spec-rgb&char_~4834c592
image,~~-g_char_ger_honorguard_body~ac8673a2
image,~~-g~lanternbody_s-rgb&lanter~e4be48f7
image,~~-g~glass_v2_off_s-rgb&$whit~2fc9e118
image,~~-g~lights_tinhatlamp_s-rgb&~92bc44fe
image,~~-g_char_head_spec-rgb&char_~4834c592
image,~~-g_char_ger_honorguard_body~ac8673a2
image,~~-g~lanternbody_s-rgb&lanter~e4be48f7
image,~~-g~glass_v2_off_s-rgb&$whit~2fc9e118
image,~~-g~lights_tinhatlamp_s-rgb&~92bc44fe
image,~~-g_char_head_spec-rgb&char_~4834c592
image,~~-g_char_ger_honorguard_body~ac8673a2
image,~~-g~lanternbody_s-rgb&lanter~e4be48f7
image,~~-g~glass_v2_off_s-rgb&$whit~2fc9e118
image,~~-g~lights_tinhatlamp_s-rgb&~92bc44fe
image,~~-g_char_head_spec-rgb&char_~4834c592
image,~~-g_char_ger_honorguard_body~ac8673a2
image,~~-g~lanternbody_s-rgb&lanter~e4be48f7
image,~~-g~glass_v2_off_s-rgb&$whit~2fc9e118
image,~~-g~lights_tinhatlamp_s-rgb&~92bc44fe
image,~~-g_char_head_spec-rgb&char_~4834c592
image,~~-g_char_ger_honorguard_body~ac8673a2
image,~~-g~lanternbody_s-rgb&lanter~e4be48f7
