image,~~-g_char_head_spec-rgb&char_~4834c592
image,~~-g_char_ger_honorguard_body~ac8673a2
image,i_mtl_p7_zm_vending_sleight_coil_n
image,~~-gi_mtl_p7_zm_vending_doubl~09ad8f02
image,i_mtl_p7_zm_vending_doubletap2_back_n
image,~-gi_mtl_p7_zm_vending_double~d6be2252
image,~~-g_zm_vending_doubletap2_fr~7ef4c3c9
image,zm_vending_doubletap2_front_bottom_n
image,~-g_zm_vending_doubletap2_fro~bc42786c
image,~~-gzm_vending_doubletap2_fro~de44e585
image,zm_vending_doubletap2_front_top_n
image,~-gzm_vending_doubletap2_front_top_c
image,~~-gzm_vending_doubletap2_sid~882762ac
image,_zm_vending_doubletap2_side_bottom_n
image,~-gm_vending_doubletap2_side_bottom_c
image,~~-g_zm_vending_doubletap2_si~f649e1ee
image,_vending_doubletap2_side_top_n
image,~-gm_vending_doubletap2_side_top_c
image,i_mtl_p7_zm_vending_doubletap2_sign_c
